-- phpMyAdmin SQL Dump
-- version 4.6.6deb1+deb.cihar.com~trusty.2
-- https://www.phpmyadmin.net/
--
-- Host: localhost
-- Generation Time: May 15, 2017 at 06:19 PM
-- Server version: 5.7.18-log
-- PHP Version: 5.6.30-10+deb.sury.org~trusty+2

SET SQL_MODE = "NO_AUTO_VALUE_ON_ZERO";
SET time_zone = "+00:00";


/*!40101 SET @OLD_CHARACTER_SET_CLIENT=@@CHARACTER_SET_CLIENT */;
/*!40101 SET @OLD_CHARACTER_SET_RESULTS=@@CHARACTER_SET_RESULTS */;
/*!40101 SET @OLD_COLLATION_CONNECTION=@@COLLATION_CONNECTION */;
/*!40101 SET NAMES utf8mb4 */;

--
-- Database: `hotel`
--

--
-- Truncate table before insert `booking_period`
--

TRUNCATE TABLE `booking_period`;
--
-- Dumping data for table `booking_period`
--

INSERT INTO `booking_period` (`id`, `start_date`, `end_date`, `room_configuration_id`, `party_id`) VALUES
(1, '2017-05-17 00:00:00', '2017-05-31 00:00:00', 1, 1),
(2, '2017-05-10 00:00:00', '2017-05-30 00:00:00', 4, 2),
(3, '2017-05-16 00:00:00', '2017-05-12 00:00:00', 16, 3);

--
-- Truncate table before insert `company`
--

TRUNCATE TABLE `company`;
--
-- Dumping data for table `company`
--

INSERT INTO `company` (`id`, `name`, `contact_id`, `customer_id`) VALUES
(1, 'Kulas-Price', 201, 75),
(2, 'Nienow and Sons', 202, 76),
(3, 'Hudson-Hayes', 203, 77),
(4, 'Wolf, Purdy and Kiehn', 204, 78),
(5, 'Hyatt Ltd', 205, 79),
(6, 'Davis, Little and VonRueden', 206, 80),
(7, 'Smitham LLC', 207, 81),
(8, 'Lubowitz PLC', 208, NULL),
(9, 'Reichel-Waters', 209, 82),
(10, 'Krajcik, Harber and Bins', 210, 83),
(11, 'Lindgren Ltd', 211, 84),
(12, 'Heathcote Group', 212, NULL),
(13, 'Lesch-Douglas', 213, 85),
(14, 'Oberbrunner, Gusikowski and Roob', 214, 86),
(15, 'Pouros Group', 215, NULL),
(16, 'Torphy-Bashirian', 216, 87),
(17, 'Marvin PLC', 217, 88),
(18, 'D\'Amore-Medhurst', 218, 89),
(19, 'Mohr, Reilly and Monahan', 219, 90),
(20, 'Kunze Inc', 220, 91),
(21, 'Mohr-Larson', 221, 92),
(22, 'Becker-Zieme', 222, 93),
(23, 'Welch-Blick', 223, 94),
(24, 'Ernser Group', 224, 95),
(25, 'Reilly-Walter', 225, 96),
(26, 'Volkman, Carter and Botsford', 226, 97),
(27, 'Crooks, Green and Kozey', 227, 98),
(28, 'Moore-Ritchie', 228, 99),
(29, 'Ondricka and Sons', 229, 100),
(30, 'Braun-Cruickshank', 230, 101),
(31, 'Zulauf-VonRueden', 231, NULL),
(32, 'Emmerich-Lakin', 232, 102),
(33, 'Corwin Group', 233, 103),
(34, 'Leuschke Ltd', 234, NULL),
(35, 'Prosacco-Kunde', 235, 104),
(36, 'Macejkovic and Sons', 236, 105),
(37, 'Cummings Ltd', 237, 106),
(38, 'Kerluke, Schimmel and Gibson', 238, 107),
(39, 'Windler, Lockman and Langosh', 239, 108),
(40, 'Schmitt-McDermott', 240, NULL),
(41, 'Price and Sons', 241, NULL),
(42, 'Watsica LLC', 242, 109),
(43, 'Kreiger, Zulauf and Hansen', 243, NULL),
(44, 'Mohr PLC', 244, 110),
(45, 'Rath PLC', 245, 111),
(46, 'Daniel, Kemmer and Lueilwitz', 246, NULL),
(47, 'Franecki-King', 247, 112),
(48, 'Lehner PLC', 248, 113),
(49, 'Kunde-Parisian', 249, 114),
(50, 'Rohan, Roob and Lueilwitz', 250, 115),
(51, 'Bogisich Group', 251, 116),
(52, 'Nolan-Rau', 252, 117),
(53, 'Bogan, Gleichner and Rempel', 253, 118),
(54, 'Sporer, Prohaska and Huel', 254, 119),
(55, 'Mohr, Lockman and Shanahan', 255, NULL),
(56, 'Stamm, Batz and Wuckert', 256, 120),
(57, 'Pfeffer, Hauck and Batz', 257, 121),
(58, 'Marquardt, Smitham and Hyatt', 258, 122),
(59, 'Hane, Dickinson and Turcotte', 259, 123),
(60, 'Reynolds, Jakubowski and Nienow', 260, NULL),
(61, 'Raynor Ltd', 261, 124),
(62, 'Haag, Schimmel and Kuphal', 262, 125),
(63, 'Kihn and Sons', 263, 126),
(64, 'Ritchie and Sons', 264, 127),
(65, 'Lesch-Fadel', 265, 128),
(66, 'Jerde-Hoppe', 266, 129),
(67, 'Upton Group', 267, 130),
(68, 'Volkman, Klein and Mayer', 268, 131),
(69, 'Turner, Kassulke and West', 269, 132),
(70, 'Cartwright, Zemlak and Satterfield', 270, 133),
(71, 'Cronin LLC', 271, 134),
(72, 'Bosco-Heller', 272, 135),
(73, 'Connelly PLC', 273, 136),
(74, 'Sauer LLC', 274, 137),
(75, 'Koch, Jerde and Armstrong', 275, 138),
(76, 'McDermott, Goodwin and Skiles', 276, 139),
(77, 'Upton-Ebert', 277, NULL),
(78, 'Kilback and Sons', 278, NULL),
(79, 'Schoen, Brown and Boyle', 279, 140),
(80, 'Haag PLC', 280, 141),
(81, 'Schiller PLC', 281, 142),
(82, 'Zemlak-West', 282, 143),
(83, 'Haley, Howe and Buckridge', 283, 144),
(84, 'Stoltenberg, Smith and Klocko', 284, NULL),
(85, 'Lehner and Sons', 285, 145),
(86, 'Shields-Welch', 286, 146),
(87, 'Koch, Nikolaus and Beatty', 287, 147),
(88, 'Olson, Keebler and Kihn', 288, NULL),
(89, 'Dare-Konopelski', 289, 148),
(90, 'Will-Champlin', 290, 149),
(91, 'Gutmann-Hansen', 291, 150),
(92, 'Kuhlman, Schaden and Kris', 292, 151),
(93, 'Prosacco-Abernathy', 293, 152),
(94, 'Reichel-Tillman', 294, 153),
(95, 'Schuppe, Abernathy and Nolan', 295, 154),
(96, 'Kulas, Collier and Stoltenberg', 296, 155),
(97, 'Littel Group', 297, 156),
(98, 'Lang-Cummerata', 298, 157),
(99, 'Cole-DuBuque', 299, NULL),
(100, 'Considine, Prohaska and Leuschke', 300, 158),
(101, 'Bergstrom-Welch', 301, 159),
(102, 'Bernhard, Predovic and Moen', 302, 160),
(103, 'DuBuque, Stamm and Kilback', 303, 161),
(104, 'Block LLC', 304, 162),
(105, 'Schamberger-Effertz', 305, 163),
(106, 'Collier LLC', 306, NULL),
(107, 'O\'Reilly, Schuster and Nikolaus', 307, 164),
(108, 'Schinner LLC', 308, 165),
(109, 'Krajcik, Waters and Fisher', 309, NULL),
(110, 'Erdman Group', 310, 166),
(111, 'Kautzer-Schneider', 311, 167),
(112, 'Daniel Group', 312, 168),
(113, 'Lynch-Roberts', 313, 169),
(114, 'Hahn-Mayert', 314, NULL),
(115, 'Waters Inc', 315, 170),
(116, 'Rowe Group', 316, 171),
(117, 'Murphy-Jast', 317, 172),
(118, 'Ziemann-Pfeffer', 318, 173),
(119, 'Cartwright and Sons', 319, 174),
(120, 'Weber Group', 320, NULL),
(121, 'Gorczany-Abbott', 321, 175),
(122, 'Koss-King', 322, 176),
(123, 'Treutel-Weissnat', 323, 177),
(124, 'Hermiston, Schroeder and Hoppe', 324, NULL),
(125, 'Schaefer-Lemke', 325, 178),
(126, 'Carroll Inc', 326, 179),
(127, 'White-Bode', 327, NULL),
(128, 'Connelly PLC', 328, NULL),
(129, 'Kuphal-Pagac', 329, 180),
(130, 'Will Inc', 330, NULL),
(131, 'Borer LLC', 331, 181),
(132, 'Price-Hand', 332, 182),
(133, 'Ratke-Harvey', 333, 183),
(134, 'Quitzon LLC', 334, NULL),
(135, 'Quigley Inc', 335, NULL),
(136, 'Spencer, Champlin and Feeney', 336, NULL),
(137, 'Dickinson, Reynolds and Grant', 337, 184),
(138, 'Lesch and Sons', 338, 185),
(139, 'Kilback Inc', 339, 186),
(140, 'Hagenes-Goodwin', 340, 187),
(141, 'O\'Connell Inc', 341, 188),
(142, 'Reilly Ltd', 342, 189),
(143, 'Paucek Ltd', 343, 190),
(144, 'Johns-Mosciski', 344, 191),
(145, 'Hamill-Schaefer', 345, 192),
(146, 'Koelpin-O\'Kon', 346, 193),
(147, 'Luettgen-Boehm', 347, 194),
(148, 'Casper-Haley', 348, NULL),
(149, 'Labadie, Larkin and Kunde', 349, NULL),
(150, 'McCullough Ltd', 350, 195),
(151, 'Donnelly PLC', 351, 196),
(152, 'Miller, Raynor and Koelpin', 352, 197),
(153, 'Klein, McClure and Cummings', 353, 198),
(154, 'Crona-Wolff', 354, 199),
(155, 'Waters-Hilll', 355, NULL),
(156, 'Gerhold and Sons', 356, 200),
(157, 'Anderson-Waters', 357, 201),
(158, 'Zieme PLC', 358, 202),
(159, 'Kozey, Ernser and Collier', 359, 203),
(160, 'Durgan-Torphy', 360, 204),
(161, 'Zboncak-Feil', 361, 205),
(162, 'Purdy LLC', 362, 206),
(163, 'Von, Schmitt and Purdy', 363, 207),
(164, 'Nitzsche Inc', 364, 208),
(165, 'Kuhic Ltd', 365, NULL),
(166, 'Dare Ltd', 366, 209),
(167, 'D\'Amore, Fadel and Kozey', 367, 210),
(168, 'Kautzer, Barton and Williamson', 368, 211),
(169, 'Mueller-Hermann', 369, 212),
(170, 'Crooks, Kessler and Heathcote', 370, 213),
(171, 'Hoppe Ltd', 371, 214),
(172, 'Okuneva Ltd', 372, 215),
(173, 'Hills and Sons', 373, 216),
(174, 'Kemmer-Kris', 374, 217),
(175, 'Satterfield-Wiegand', 375, 218),
(176, 'Goyette Group', 376, 219),
(177, 'Thiel-Herzog', 377, NULL),
(178, 'Harvey and Sons', 378, 220),
(179, 'Wilkinson Group', 379, NULL),
(180, 'Skiles, Bahringer and Lynch', 380, 221),
(181, 'Schmitt Ltd', 381, NULL),
(182, 'Sanford-Kirlin', 382, 222),
(183, 'Brakus and Sons', 383, NULL),
(184, 'Bahringer LLC', 384, 223),
(185, 'Robel-Orn', 385, NULL),
(186, 'Abbott Inc', 386, NULL),
(187, 'O\'Keefe Inc', 387, NULL),
(188, 'Veum-Metz', 388, NULL),
(189, 'Armstrong LLC', 389, NULL),
(190, 'O\'Conner, White and Rau', 390, 224),
(191, 'O\'Conner, Beier and Green', 391, 225),
(192, 'Wisozk-Purdy', 392, 226),
(193, 'Anderson Group', 393, 227),
(194, 'Borer-Heaney', 394, NULL),
(195, 'Roob PLC', 395, 228),
(196, 'Schmitt LLC', 396, 229),
(197, 'Jakubowski-DuBuque', 397, NULL),
(198, 'McKenzie, Kautzer and Hettinger', 398, 230),
(199, 'Grimes-Boyle', 399, 231),
(200, 'Schowalter, Lueilwitz and Jast', 400, 232);

--
-- Truncate table before insert `contact`
--

TRUNCATE TABLE `contact`;
--
-- Dumping data for table `contact`
--

INSERT INTO `contact` (`id`, `address`, `telephone`, `email`, `region_id`) VALUES
(1, '232 Renner Ridges', '816.273.2598', 'antonina85@yahoo.com', 5),
(2, '5237 Boyle Circles', '(321) 253-9300 x68228', 'nels.schaden@kertzmann.org', 12),
(3, '856 Rau Avenue', '+17188336158', 'zstamm@hotmail.com', 2),
(4, '73731 Shanel Views Suite 102', '1-298-954-1919 x79813', 'langworth.ardella@gutmann.com', 12),
(5, '6201 Moen Curve Suite 850', '+1.632.460.7639', 'kareem24@armstrong.com', 19),
(6, '6841 Conor Curve', '953-959-2864', 'ismael24@fisher.com', 8),
(7, '935 Conner Ranch', '1-601-572-6481', 'crystel.harvey@quitzon.info', 20),
(8, '2003 Tristian Motorway', '530-309-1505 x59685', 'santa.hagenes@durgan.org', 1),
(9, '9280 Mann Dam Apt. 176', '(841) 776-8156 x75413', 'schaefer.erna@gmail.com', 3),
(10, '1572 Helena Fall', '924-715-3474', 'broderick26@gmail.com', 14),
(11, '88216 Josiane Shoal Suite 193', '485-658-9559', 'upton.quinn@gmail.com', 12),
(12, '6288 Nienow Fort Apt. 643', '385-999-8834 x3914', 'keeling.clovis@vonrueden.info', 9),
(13, '8206 Will Forges Suite 956', '1-550-533-2392 x665', 'schmidt.miller@erdman.org', 13),
(14, '16239 Rath Walks', '1-948-390-4419', 'collins.coralie@hotmail.com', 17),
(15, '6389 Ottis Road Suite 451', '+1 (324) 866-5587', 'van74@hotmail.com', 7),
(16, '251 Moen Gardens Apt. 378', '(770) 351-5904', 'grayson22@mueller.com', 8),
(17, '49955 Keira Trail Apt. 645', '261-934-4234 x1376', 'qcartwright@hotmail.com', 12),
(18, '8370 Axel Tunnel Apt. 300', '424-238-1005', 'gerardo05@adams.com', 20),
(19, '653 Lauretta Landing Suite 135', '247-213-7996', 'nwilkinson@gmail.com', 8),
(20, '4605 Schroeder Run Suite 734', '421.875.0768', 'nschroeder@goodwin.com', 7),
(21, '88569 Zula Street Suite 462', '278-263-4445', 'demetris22@langworth.org', 13),
(22, '8140 Joany Light Suite 507', '(201) 592-7771 x0132', 'amparo.shanahan@ryan.net', 11),
(23, '9990 Blanda Junction', '(508) 475-7210', 'walter.ryan@gmail.com', 2),
(24, '159 Princess Shoal', '727-920-4770 x746', 'reymundo59@gmail.com', 11),
(25, '16949 Kip Corners Suite 523', '865.576.5844 x66907', 'xmorar@spencer.com', 5),
(26, '47293 Dicki Stream', '1-692-844-6654', 'afunk@weimann.com', 1),
(27, '6943 Sigurd Ports', '+1-896-568-0850', 'zconroy@kuphal.org', 10),
(28, '262 Kovacek Track', '+1-631-978-6683', 'casper.morgan@barrows.com', 8),
(29, '1235 Schultz Manor Suite 692', '384.891.9169', 'jesus.pfeffer@yahoo.com', 19),
(30, '968 Nader Mills Suite 379', '1-892-413-4168 x99655', 'cielo.anderson@oconnell.net', 19),
(31, '4413 Blanda Ports', '+1 (942) 847-3953', 'cfahey@swift.com', 17),
(32, '8385 Leola Rapid Apt. 707', '(770) 395-2002 x9975', 'cloyd.doyle@blanda.info', 10),
(33, '66543 Tia Green Apt. 542', '+12875691088', 'ana.balistreri@sipes.com', 17),
(34, '722 Alexys Knolls', '1-339-812-0895 x9955', 'ckuhic@abbott.biz', 11),
(35, '6718 Colleen Junction', '+1.257.649.2741', 'freddie66@yahoo.com', 4),
(36, '9944 Prohaska Rest', '(283) 608-7194 x3045', 'alisha.kassulke@hotmail.com', 8),
(37, '888 Spinka Via Suite 865', '1-631-230-4251 x18037', 'beahan.marcella@yahoo.com', 18),
(38, '96303 O\'Keefe Common', '970.262.9158 x37470', 'janice01@murazik.com', 6),
(39, '4136 Elijah Mission Apt. 315', '+15035531449', 'klein.deangelo@hotmail.com', 15),
(40, '4032 Allison Neck', '563-528-7824 x0986', 'roberts.laron@bartoletti.com', 4),
(41, '994 Carter View', '(938) 352-0588 x163', 'petra30@hotmail.com', 20),
(42, '74561 Cesar Crossing Apt. 717', '1-727-942-2080', 'kitty.grant@schneider.com', 3),
(43, '55278 Terence Glens Suite 629', '+1.798.344.4951', 'tremblay.keyon@gmail.com', 20),
(44, '989 Bernhard Tunnel Suite 738', '+1-484-423-1700', 'edwardo.mueller@hotmail.com', 18),
(45, '6878 O\'Connell Roads Suite 934', '(336) 885-7567', 'denesik.issac@morar.biz', 3),
(46, '527 Toney Turnpike', '(529) 772-0174', 'iturcotte@hettinger.com', 13),
(47, '66178 Toni Stream', '653-777-6702', 'kristofer.monahan@king.biz', 11),
(48, '755 Keenan Fords Apt. 989', '223-403-2285 x8695', 'edavis@hegmann.com', 17),
(49, '1961 Mante Circles Apt. 274', '(647) 383-7187 x1114', 'ondricka.kaleigh@hotmail.com', 6),
(50, '564 Miller Ports', '+1.591.793.7188', 'dorris66@ullrich.com', 6),
(51, '286 Hilll Plains', '384-910-8419 x002', 'ryan.sean@vonrueden.com', 15),
(52, '1849 Michaela Court', '(335) 222-2447 x1265', 'gerry29@hotmail.com', 15),
(53, '5484 Junior Court', '1-529-585-7375 x70983', 'dooley.samanta@padberg.biz', 18),
(54, '987 Mitchel Plaza', '1-781-756-9243', 'charlotte38@yahoo.com', 3),
(55, '1363 Lorenz Station Suite 316', '609-600-8389 x822', 'emory.labadie@hotmail.com', 14),
(56, '982 Annabelle Flat Apt. 414', '1-859-879-0273 x73894', 'keith.haley@hotmail.com', 13),
(57, '2937 Cortez Bypass Apt. 783', '385-954-9252 x50191', 'rosamond24@rice.com', 2),
(58, '487 Obie Crescent', '(243) 626-0270 x76230', 'sterling29@pagac.com', 7),
(59, '63881 Saige Oval Apt. 009', '545-554-9043', 'myrtie.fadel@hotmail.com', 12),
(60, '871 Hane Hills', '(320) 397-7890 x1123', 'kerluke.elton@russel.biz', 15),
(61, '553 Gutkowski Branch Suite 032', '1-670-957-8927 x026', 'dayna81@zboncak.com', 17),
(62, '15683 Grady Vista', '+1-712-794-8013', 'hilpert.florian@gmail.com', 7),
(63, '7210 Jenkins Lodge Apt. 086', '(575) 325-8655 x9999', 'mike79@wintheiser.net', 16),
(64, '394 Bogisich Route Apt. 978', '679-669-9752', 'niko34@oconner.com', 18),
(65, '579 Hirthe Summit Apt. 843', '+1 (598) 936-4133', 'eryn.dach@gmail.com', 18),
(66, '66797 Daniel Lane Suite 443', '726.631.0662 x9981', 'faye47@gmail.com', 11),
(67, '32129 Hilda Ports Apt. 536', '956-736-5268 x91663', 'bessie.balistreri@yahoo.com', 4),
(68, '700 Cornell Walk', '1-234-424-0322', 'collier.mckayla@wiegand.com', 17),
(69, '3503 Okuneva Crossing', '443-271-0441 x33913', 'liana32@swift.com', 2),
(70, '1596 Randall Forges', '+1 (849) 932-2710', 'klein.ellis@yahoo.com', 18),
(71, '18620 Lueilwitz Light', '+1.583.333.5206', 'jany.breitenberg@hotmail.com', 4),
(72, '510 Stephania Ports', '328.266.5836 x3576', 'ihessel@hotmail.com', 11),
(73, '4990 Bahringer Lake Apt. 209', '946.434.6702 x67679', 'sschmidt@lehner.com', 18),
(74, '5251 Bogisich Pine', '1-754-970-1132', 'sigrid79@hotmail.com', 11),
(75, '38091 Von Corner', '430.369.5325 x6704', 'patsy.maggio@hotmail.com', 10),
(76, '52397 Langworth Tunnel', '(572) 967-8694 x00064', 'jschaefer@yahoo.com', 6),
(77, '7134 Schroeder Throughway', '984-928-6718', 'jgorczany@hotmail.com', 16),
(78, '5558 Myrtie Cape', '+18146736433', 'lola.gibson@gmail.com', 2),
(79, '57791 Braun Inlet', '1-378-523-6041', 'polly.reilly@yahoo.com', 10),
(80, '8335 Keebler Keys Apt. 681', '1-521-891-0960', 'brianne32@yahoo.com', 18),
(81, '5489 Damaris Gardens Suite 539', '(549) 570-6125 x3002', 'satterfield.erika@gmail.com', 13),
(82, '128 Wilburn Pine', '713-454-4601', 'hintz.clement@runte.com', 9),
(83, '820 Mercedes Fords', '731.419.0867 x52253', 'rhiannon.pollich@yahoo.com', 11),
(84, '75248 Joelle Path Suite 477', '+1-317-467-0041', 'harber.junius@cruickshank.info', 15),
(85, '6367 Swift Mall Suite 856', '(465) 930-1125 x068', 'danny.crooks@bednar.com', 16),
(86, '655 Ferry Forest', '660-795-7979 x9423', 'olson.audrey@yahoo.com', 2),
(87, '44542 Talia Mall', '+1.968.233.9385', 'jwiza@reichert.net', 20),
(88, '8645 Demarcus Ways Apt. 183', '440.361.3242 x00464', 'hklein@prosacco.com', 11),
(89, '3347 Bogan Parkways', '(636) 667-5692', 'lang.abe@hotmail.com', 2),
(90, '657 Rosina Drive', '598-855-6070', 'eusebio41@hotmail.com', 17),
(91, '995 Yasmeen Roads', '+1-815-350-6037', 'stoltenberg.moriah@gmail.com', 12),
(92, '84185 Klocko Junctions', '308.970.5089 x019', 'rspinka@yahoo.com', 14),
(93, '4084 McDermott Brooks', '(626) 739-8555 x206', 'mozelle58@hansen.com', 5),
(94, '221 Koepp Lock Suite 835', '(697) 800-0697 x34300', 'nienow.desiree@hotmail.com', 2),
(95, '1233 Hane Burgs', '+1 (269) 536-0783', 'gmante@hotmail.com', 6),
(96, '3510 Donnelly Park Apt. 585', '(219) 408-8381', 'bechtelar.germaine@hackett.com', 7),
(97, '9330 Nicolas Cape', '+1 (461) 344-1861', 'mercedes.zieme@yahoo.com', 16),
(98, '485 Reece Vista Apt. 502', '+1 (465) 516-3849', 'gorczany.shanelle@ward.com', 12),
(99, '76703 Schoen Fords Apt. 364', '1-814-224-8189 x9073', 'alex.rohan@yahoo.com', 3),
(100, '3793 Lessie Wall Apt. 878', '221.632.3957 x8532', 'fgerlach@gmail.com', 4),
(101, '764 Jenkins Point Suite 111', '1-606-360-9358', 'hagenes.quinton@gmail.com', 16),
(102, '5591 Charley Road Suite 382', '879-694-4280', 'cartwright.rick@hotmail.com', 20),
(103, '895 Megane Hill', '+13314937947', 'mlarkin@dubuque.com', 14),
(104, '3155 Streich Isle', '(336) 685-1483 x2514', 'senger.savannah@ratke.com', 5),
(105, '44810 Cristina Locks Apt. 458', '916.686.8116 x35663', 'rodriguez.molly@huels.biz', 20),
(106, '760 Johanna Mount', '869.710.4079 x3832', 'tracy.macejkovic@hotmail.com', 11),
(107, '65135 Luettgen Oval Apt. 142', '+1 (454) 262-0495', 'jettie94@keebler.com', 3),
(108, '5368 Gail Place', '924-663-6437 x315', 'dwilkinson@hotmail.com', 8),
(109, '89204 Leffler Rapids', '1-430-853-7603 x5220', 'lyda49@hotmail.com', 19),
(110, '348 Fadel Island Suite 879', '(549) 403-2497 x26496', 'dean66@okeefe.info', 18),
(111, '22533 Hillary Fall Apt. 493', '240.220.8385 x249', 'sonny.hilpert@streich.com', 8),
(112, '903 Ryan View', '252-698-0951 x52589', 'hcole@jakubowski.com', 3),
(113, '2803 Terry Burgs', '(962) 459-1234 x16529', 'royal78@daniel.com', 4),
(114, '637 Kuvalis Freeway Suite 915', '728-639-0742 x567', 'kennedy.smith@rodriguez.biz', 7),
(115, '52357 Cruz Alley', '836.423.1271 x1483', 'stanley57@grant.org', 7),
(116, '547 Nicholaus Hollow Suite 161', '+1.840.853.0275', 'jeremie34@jenkins.org', 1),
(117, '581 Cordia Lock', '+1 (489) 727-3369', 'theathcote@hotmail.com', 6),
(118, '9953 Jacklyn Squares Apt. 964', '1-941-570-7216 x4635', 'anibal84@hotmail.com', 1),
(119, '8022 Hessel Neck', '373.299.3041', 'marlene.mayert@blanda.com', 5),
(120, '725 Ewald Knoll', '+1-625-437-7549', 'maryjane.kunze@homenick.com', 11),
(121, '2505 Rohan Via', '1-875-513-8873 x1897', 'nitzsche.brigitte@hotmail.com', 18),
(122, '5378 Grant Parks Suite 099', '(363) 228-2389', 'damien.thompson@bauch.com', 3),
(123, '96864 Wilhelm Cove Apt. 614', '1-738-493-0737', 'donnelly.autumn@bayer.com', 13),
(124, '62640 Borer Camp', '929.656.0027', 'berge.bryce@emmerich.info', 5),
(125, '7736 Emil Ville', '929-200-7750 x1444', 'volkman.toy@tremblay.com', 1),
(126, '5288 Charles Lake Suite 336', '251.279.8132', 'enola87@bartoletti.com', 10),
(127, '950 Eusebio Knolls', '704-981-9793 x7889', 'travon.balistreri@yahoo.com', 15),
(128, '86545 Stiedemann Ports Suite 637', '1-939-687-8958', 'oconsidine@bernier.com', 15),
(129, '6893 Lang Way Apt. 282', '(529) 702-0538 x676', 'pattie.corwin@hotmail.com', 18),
(130, '4288 Harmon Parkway', '665.825.9975 x318', 'volkman.rosalinda@gmail.com', 11),
(131, '58761 Gutmann Course Apt. 874', '(595) 284-5612 x1624', 'rhoda.schamberger@hotmail.com', 12),
(132, '4348 Robin Road', '(813) 265-9833', 'usenger@hotmail.com', 16),
(133, '8052 Thea Lock', '+13026798968', 'mariam.kerluke@jakubowski.net', 12),
(134, '82760 Raymond Walk', '1-657-442-8104', 'orin.funk@dooley.com', 10),
(135, '4385 Corene Wells Suite 328', '1-446-943-1802 x395', 'wfay@okeefe.com', 2),
(136, '421 Bergstrom Cape Suite 997', '+1 (407) 941-4762', 'renee.fay@feest.com', 10),
(137, '17991 Lizeth Summit', '675.321.7102 x0805', 'oaltenwerth@gmail.com', 10),
(138, '53439 Velma Hills Suite 422', '551.939.1468', 'aoconnell@hotmail.com', 6),
(139, '56604 Willy Overpass', '664-428-5761', 'darius32@osinski.info', 15),
(140, '2695 Maxime Radial Apt. 064', '(253) 939-0891', 'rutherford.jamal@kihn.com', 4),
(141, '6320 Cullen Plain Suite 404', '501.337.6708 x4416', 'altenwerth.elian@wehner.com', 17),
(142, '724 Bins Locks', '235.550.9194 x66604', 'gilberto59@hermann.com', 6),
(143, '93483 Walter Radial', '(468) 484-4630 x594', 'swaniawski.desiree@cruickshank.com', 14),
(144, '55632 Reilly Mountains Apt. 357', '754.704.6236', 'mayer.nettie@collier.com', 17),
(145, '4465 Huel Path', '396-781-8073 x67445', 'willms.reggie@koelpin.net', 4),
(146, '3176 Carol Manor', '+1-371-301-6133', 'scarter@gmail.com', 4),
(147, '491 Eryn Roads Apt. 219', '616.714.5008', 'xreichel@roberts.info', 20),
(148, '9923 Nolan Tunnel', '(828) 752-8297 x904', 'ymueller@hotmail.com', 1),
(149, '82266 Swift Keys', '363-870-4314 x6536', 'orosenbaum@kulas.com', 3),
(150, '43635 Bradtke Port Apt. 941', '549-985-5226 x004', 'nettie.hackett@kuphal.com', 12),
(151, '861 Jacinthe Camp', '1-963-671-0419 x3005', 'marks.eudora@gusikowski.com', 10),
(152, '603 Crystal Freeway', '+1.892.616.0492', 'immanuel01@swift.com', 20),
(153, '839 Jaylon Fork', '+1-267-300-5788', 'austen75@hotmail.com', 3),
(154, '61640 Mike Way', '234-492-3252', 'obashirian@erdman.com', 4),
(155, '19582 Gerald Cliffs Suite 848', '+1-671-853-5880', 'dante41@stamm.com', 16),
(156, '68605 Tre Turnpike', '1-306-241-9642 x116', 'hyost@towne.net', 9),
(157, '982 Rutherford Gateway Suite 615', '323-957-1073 x44603', 'clark.schaefer@yahoo.com', 20),
(158, '114 Madalyn Rest', '+12635910586', 'kuhic.armand@hotmail.com', 7),
(159, '918 Harvey Shores Suite 781', '1-624-724-0572 x023', 'gulgowski.elissa@hills.info', 11),
(160, '728 Hilma Crossing Apt. 013', '1-832-204-5644', 'xweissnat@hotmail.com', 4),
(161, '4766 Schmeler Burgs', '840.735.1949 x16973', 'qsimonis@gmail.com', 19),
(162, '76249 McGlynn Dale', '749.568.4536 x018', 'towne.destin@halvorson.biz', 2),
(163, '49192 Schmitt Stream', '(309) 407-6781', 'russel.anne@gmail.com', 14),
(164, '305 Dorris Shoals Apt. 874', '(350) 360-7839', 'gabe.swift@hotmail.com', 19),
(165, '9298 Bogan Via Apt. 349', '(525) 929-0741 x81971', 'wkuphal@corwin.org', 19),
(166, '8951 Baumbach Gardens', '1-865-720-1412', 'eliane.lueilwitz@mohr.com', 2),
(167, '6323 Aiden Mount Apt. 577', '703.382.2667', 'schultz.ima@williamson.org', 3),
(168, '655 Roberta Plains', '+1-529-358-4141', 'rosamond.kilback@yahoo.com', 18),
(169, '5229 Friesen Knoll Apt. 807', '625-871-5642', 'bertrand.king@moore.com', 20),
(170, '17468 Heloise Terrace', '849.781.0861', 'murray.bianka@okeefe.net', 5),
(171, '7786 Nova Flat Suite 545', '+1-290-923-2162', 'mschaefer@tromp.com', 3),
(172, '410 Brakus Tunnel Suite 805', '1-805-256-6236 x97508', 'tressie59@wunsch.com', 1),
(173, '1785 Jessie Streets', '+1-879-469-2429', 'anika09@yahoo.com', 19),
(174, '651 Gaylord Flats', '(556) 205-4386', 'carlee.toy@yahoo.com', 18),
(175, '607 Reilly Unions', '1-607-955-6963', 'bryce.frami@howe.com', 1),
(176, '43041 Makayla Avenue', '305.717.9303 x683', 'kurt.howe@hotmail.com', 4),
(177, '9123 Cummings Stravenue Apt. 356', '1-419-873-9516 x390', 'mmetz@yahoo.com', 13),
(178, '98659 Hertha Haven Apt. 696', '707.372.8306 x597', 'devonte86@okon.com', 20),
(179, '5822 Queen Court Apt. 053', '860.387.2574', 'imogene.carter@hotmail.com', 15),
(180, '3257 Annamae Pike Suite 610', '1-525-705-6750 x90454', 'estevan.hamill@yahoo.com', 2),
(181, '1652 Crist River', '+1-205-548-5848', 'hfay@donnelly.com', 15),
(182, '5157 Maryse Motorway Suite 862', '(878) 263-5282 x84250', 'kiehn.zachary@botsford.com', 7),
(183, '59003 Heller Point', '442.451.2286 x1825', 'kathryne69@swaniawski.biz', 2),
(184, '7880 Schowalter Branch Suite 928', '1-732-836-2001', 'kirk23@yahoo.com', 5),
(185, '5775 Keeling Crest', '628.865.6620 x00443', 'reichel.lydia@wisozk.com', 6),
(186, '6683 Ruthe Cliff Suite 915', '1-554-566-6195 x1893', 'justen.kutch@hotmail.com', 4),
(187, '9241 Garnett Pass', '1-640-980-6121 x27094', 'dickens.layla@walker.com', 2),
(188, '4969 King Heights Apt. 589', '1-914-908-1939 x2657', 'lina.sauer@hotmail.com', 7),
(189, '306 Andy Ville Suite 455', '(656) 993-2704 x08626', 'gleichner.kelton@hayes.com', 13),
(190, '4227 McKenzie Row Apt. 005', '540.700.4471', 'lela.boyle@yahoo.com', 9),
(191, '6381 Jessika Skyway', '+19798174355', 'jess.rau@yahoo.com', 4),
(192, '5807 Leonora Keys', '902-651-2202', 'yhodkiewicz@gmail.com', 20),
(193, '37629 Deborah Key', '528-709-4823 x5898', 'dicki.ike@gmail.com', 20),
(194, '929 Dibbert Ferry', '1-202-483-8439 x874', 'keebler.everardo@gmail.com', 15),
(195, '3869 Braxton Stream', '820-577-4250 x8464', 'ellsworth55@padberg.info', 17),
(196, '56936 Heller Walk', '1-746-487-3818 x79869', 'ludwig.kirlin@yahoo.com', 10),
(197, '92221 Dickens Plaza Suite 463', '(718) 894-5862', 'yvonne19@yahoo.com', 14),
(198, '57225 Osvaldo Square', '561.810.3898 x883', 'aletha91@hotmail.com', 8),
(199, '5856 Beatrice Locks', '1-203-741-1312 x989', 'ruecker.braxton@wiza.com', 17),
(200, '68692 Asia Street Suite 911', '628-298-5707 x021', 'frederik.schumm@kautzer.com', 3),
(201, '3622 Jayson Walks', '(576) 326-7139 x76201', 'chyna48@kertzmann.info', 4),
(202, '415 Hegmann Track', '757-458-1524 x76942', 'novella.keeling@hotmail.com', 11),
(203, '15757 Tessie Bridge', '(982) 364-3364', 'kpfannerstill@gmail.com', 11),
(204, '241 Carroll Station Suite 694', '+1 (817) 373-6064', 'altenwerth.elenora@gusikowski.net', 10),
(205, '8929 Noble Ramp Apt. 215', '476-928-7118 x315', 'jast.rocky@gmail.com', 9),
(206, '737 Nienow Estate', '(545) 262-8728 x379', 'kaylie.hamill@gmail.com', 19),
(207, '33548 Bahringer Circles', '526.282.3348 x61893', 'maximo.kertzmann@hotmail.com', 16),
(208, '2435 Leonard Islands Suite 010', '(581) 716-1629 x23915', 'jenkins.montana@olson.com', 7),
(209, '776 Marc Shores Apt. 354', '553.773.4235', 'tyree.will@vandervort.com', 19),
(210, '8712 Goodwin Radial', '(518) 535-7910 x967', 'dedric77@gmail.com', 16),
(211, '7820 Kihn Circles Suite 734', '1-785-588-3935 x12233', 'koss.evan@tremblay.com', 19),
(212, '9526 Courtney Wells Apt. 414', '+1-910-732-2618', 'kwilkinson@armstrong.net', 15),
(213, '84971 Howell Circle Suite 401', '1-401-463-4843 x277', 'weissnat.eli@hilll.net', 6),
(214, '567 Heidenreich Summit', '(773) 473-2420 x18008', 'bettie71@hotmail.com', 16),
(215, '8185 Skylar Cape Suite 655', '479-970-7578', 'london60@carter.com', 13),
(216, '23667 Irving Plains', '551.338.2445 x8487', 'santina.goodwin@yahoo.com', 2),
(217, '16406 Reichert Port', '1-961-715-2737 x3663', 'fcrona@thiel.com', 11),
(218, '294 Makenzie Alley Suite 060', '852.659.8207 x358', 'yjones@shields.com', 8),
(219, '12538 Estefania Island', '517.912.6307 x105', 'oconner.jaylin@kuphal.com', 15),
(220, '89130 Rogahn Light Apt. 893', '+1.502.889.2728', 'lilyan.bradtke@howe.com', 13),
(221, '45173 Aracely Stravenue Suite 222', '435-464-1419 x1998', 'zena79@hotmail.com', 9),
(222, '777 Kayleigh Ramp', '+1-836-437-0768', 'jarvis.effertz@hotmail.com', 8),
(223, '4032 Lera Coves Apt. 012', '+1-995-976-4789', 'breanna.schmitt@gmail.com', 12),
(224, '5440 Block Flat', '542-786-3247 x96609', 'ledner.janessa@gmail.com', 18),
(225, '9450 Maximillian Roads', '+14927132348', 'wolff.maudie@yahoo.com', 16),
(226, '666 Jaqueline Track Suite 790', '594-334-6992 x657', 'mosciski.floy@yahoo.com', 7),
(227, '463 Gabriella Harbor Apt. 735', '801.786.5087', 'dylan.herzog@hotmail.com', 12),
(228, '12363 Macey Mall Apt. 658', '+1-863-983-0073', 'kaci.mueller@klocko.com', 6),
(229, '3088 Hudson Cliff', '946-815-2689 x2536', 'sawayn.camryn@ernser.com', 16),
(230, '3836 Bernier Street Apt. 352', '865.441.6643', 'jettie.gorczany@yahoo.com', 16),
(231, '8476 Ebony Stravenue Suite 953', '+1 (910) 963-3910', 'van51@will.com', 11),
(232, '7113 Tillman Falls', '1-757-450-2110 x907', 'oconner.norval@grant.com', 4),
(233, '362 Otha Island', '+1-254-789-7083', 'whessel@hotmail.com', 13),
(234, '8333 Kathryn Mountain', '453.545.3263', 'barrett.grady@anderson.info', 7),
(235, '5343 Witting Pines Suite 476', '952.304.6810 x3048', 'jarred92@douglas.biz', 5),
(236, '46343 Marianna Road Apt. 573', '+12587414029', 'weimann.theodore@yahoo.com', 20),
(237, '381 Huels Port', '(809) 504-0956 x874', 'triston99@oberbrunner.biz', 7),
(238, '561 Walker Plaza', '+1-759-289-4029', 'wwalker@hotmail.com', 19),
(239, '737 Keyon Harbor Suite 348', '501.961.3250 x2441', 'fcollins@paucek.com', 4),
(240, '783 Murray Knoll Apt. 638', '(798) 210-7360 x08532', 'cathryn13@hotmail.com', 3),
(241, '1777 Herman Camp Apt. 573', '364-489-0499 x5704', 'diamond86@yahoo.com', 7),
(242, '5587 Brakus Pass', '+18038447707', 'oral83@hotmail.com', 7),
(243, '739 Price Plains Suite 050', '817-585-4978 x50369', 'kuhn.martina@maggio.net', 19),
(244, '533 Kaela Station Apt. 604', '(546) 620-8835 x417', 'brenda16@nader.com', 2),
(245, '17077 Casper Dam', '1-906-364-4922', 'dickens.daron@wehner.com', 18),
(246, '414 Toney Greens Apt. 556', '773-281-4687 x694', 'ohalvorson@jones.com', 10),
(247, '9540 Nola Inlet Apt. 338', '1-576-732-3685 x9994', 'runolfsson.ruby@hotmail.com', 3),
(248, '58187 Daniella Ports', '981.372.7948 x777', 'gcole@gmail.com', 10),
(249, '1128 Alessandra Isle Apt. 657', '+1-981-595-2116', 'tluettgen@reinger.com', 11),
(250, '5707 Mose Course', '741-654-8214 x239', 'bulah.mcclure@eichmann.biz', 18),
(251, '31153 Rashad Street Apt. 544', '(443) 587-7796 x23169', 'macy.emard@yahoo.com', 17),
(252, '376 Veda Shore Suite 620', '+1 (542) 674-8977', 'lockman.cassie@wolf.biz', 3),
(253, '253 Bauch Cliffs Apt. 056', '381-461-8429 x687', 'rice.weldon@hamill.info', 9),
(254, '102 Nora Ferry Suite 543', '+1.345.435.1042', 'lucius41@schmitt.com', 3),
(255, '87729 Windler View Apt. 114', '992-324-0204 x888', 'furman.tremblay@spinka.info', 4),
(256, '36735 Ana Skyway', '(676) 682-5978 x89521', 'idach@hotmail.com', 2),
(257, '9425 Ledner Street', '(759) 608-1895', 'ogoldner@hermann.info', 14),
(258, '34846 Laurianne Mountains Suite 988', '509.823.4089', 'corwin.lesley@kertzmann.org', 17),
(259, '5370 Americo Center', '(380) 454-8526 x069', 'pbrown@schowalter.com', 8),
(260, '61112 Brown Circle Suite 851', '802-649-3819', 'yortiz@hotmail.com', 6),
(261, '48032 Ankunding Tunnel', '785-337-1869 x268', 'skye.harris@yahoo.com', 3),
(262, '8254 Parker Plaza', '(624) 888-7623 x8956', 'mbatz@rosenbaum.com', 19),
(263, '899 Jessica Walks Suite 198', '1-387-525-2224', 'pete96@yahoo.com', 2),
(264, '4485 Darby Square Suite 626', '969.238.4961 x653', 'jmarvin@moen.com', 10),
(265, '3572 Earl Causeway Apt. 610', '749.800.9365 x68683', 'imills@yahoo.com', 13),
(266, '417 Gladyce Turnpike Suite 299', '(513) 806-0344 x50450', 'dagmar78@yahoo.com', 5),
(267, '379 Chandler Causeway Apt. 521', '354-325-9105', 'verlie.waelchi@hotmail.com', 14),
(268, '3771 Schmeler Roads Suite 063', '267-801-8519 x101', 'mertz.horacio@pfannerstill.com', 3),
(269, '811 Stanton Crescent', '1-869-506-2374 x3513', 'izabella93@brekke.com', 13),
(270, '141 Jordy Park', '258.786.5686', 'wgoldner@rohan.com', 10),
(271, '34682 Kshlerin Heights Suite 327', '593-564-8395 x3304', 'toreilly@gmail.com', 13),
(272, '88357 Bode Crossroad', '+1 (354) 674-3163', 'rath.hassie@yahoo.com', 6),
(273, '49684 Mitchel Greens Suite 994', '1-853-852-5374', 'zkoch@yahoo.com', 7),
(274, '16309 Reynolds Ford Apt. 310', '(249) 232-6823 x40111', 'patrick.ohara@cummings.info', 12),
(275, '948 Kshlerin Hills Apt. 239', '1-852-640-8220 x9025', 'collier.moshe@gmail.com', 18),
(276, '330 Myra Trail', '+1.704.686.7139', 'khalid.dach@gmail.com', 8),
(277, '46068 Cary Knolls Suite 169', '+1.464.248.0147', 'phoebe33@kuphal.com', 6),
(278, '402 Hansen Village', '+1.407.758.7869', 'lucy.considine@stark.com', 12),
(279, '7762 Stanton Islands Suite 405', '1-892-771-1306 x8509', 'shanahan.brain@hotmail.com', 15),
(280, '44023 Marisa Lock Suite 765', '770.218.6930', 'satterfield.aurelio@hotmail.com', 7),
(281, '308 Dayana Ramp Suite 508', '+1-815-548-2478', 'jmills@langosh.info', 17),
(282, '2067 Alexandra Extension', '583-781-5334 x0314', 'estevan23@shanahan.com', 10),
(283, '97279 Gibson Extension', '857-384-3401 x68766', 'hudson.jaleel@hotmail.com', 15),
(284, '88916 Hardy Shores', '+1-820-786-4673', 'vraynor@gmail.com', 16),
(285, '49707 Baron Plain Apt. 101', '391.446.7300', 'chaz52@lang.biz', 15),
(286, '546 Javon Lake Apt. 881', '+19466466782', 'antone.flatley@runolfsdottir.com', 8),
(287, '12512 Marlene Island', '+1.960.800.3962', 'huel.geraldine@yahoo.com', 10),
(288, '455 Koss Roads', '856.470.9606 x07703', 'karley.wiza@smitham.biz', 8),
(289, '351 Dalton Ports', '778-263-5919 x51044', 'king97@gmail.com', 20),
(290, '50477 Saige Park', '+1-507-776-1837', 'rubye80@hotmail.com', 14),
(291, '6826 Freeman Street Apt. 743', '568.263.4976 x21422', 'xschultz@hotmail.com', 1),
(292, '590 Virgil Curve Suite 395', '682-520-6889 x44238', 'gutmann.avery@gmail.com', 18),
(293, '4055 Grant Flat', '376.996.4134 x3774', 'aglae.schmeler@williamson.com', 7),
(294, '7573 Joyce Landing', '952.308.8147', 'kautzer.rhett@zieme.com', 1),
(295, '130 Juliana Vista Suite 841', '+1-243-372-0547', 'xvandervort@hammes.biz', 2),
(296, '705 Romaguera Fork Apt. 516', '240.467.3670 x1656', 'ahmed.strosin@hotmail.com', 15),
(297, '1556 Callie Station Apt. 392', '1-472-906-1527', 'tyrique.veum@hotmail.com', 6),
(298, '72257 Weimann Turnpike', '650.407.6805', 'jared74@nader.com', 4),
(299, '1067 Ferry Stravenue Suite 645', '960.598.7101 x868', 'ohyatt@cartwright.com', 20),
(300, '5952 Melvina Stravenue Suite 118', '+15396268033', 'mcclure.alexzander@kihn.com', 5),
(301, '130 Herzog Pike Apt. 778', '245-383-0536', 'chauncey.feil@hotmail.com', 11),
(302, '44721 Minerva Underpass Apt. 477', '+1-635-949-6025', 'kiehn.karine@yahoo.com', 2),
(303, '1803 Skiles Village', '1-252-388-8492', 'mustafa.lockman@watsica.info', 9),
(304, '989 Gibson Gateway', '+1-289-591-1632', 'audie02@gmail.com', 4),
(305, '68290 April Flat Suite 120', '+1-568-561-2537', 'malinda.wiegand@hotmail.com', 18),
(306, '27384 Hintz Valley', '+1-761-369-6048', 'thad.lueilwitz@goyette.com', 18),
(307, '348 Dicki Overpass', '1-518-202-7267 x959', 'hiram40@gmail.com', 13),
(308, '8456 Sauer Fords Apt. 974', '913.208.0488 x0049', 'dickinson.kaitlin@nader.net', 18),
(309, '28620 Auer Meadow Apt. 152', '869-380-2152 x006', 'percy95@yahoo.com', 5),
(310, '90735 Nitzsche Park', '998-405-4102', 'jaron.mclaughlin@becker.info', 5),
(311, '98882 Feest Meadow Suite 720', '1-490-832-2574', 'arno.hilll@kulas.com', 9),
(312, '17264 Brook Turnpike Apt. 317', '659.844.3526 x10725', 'rowe.zander@yahoo.com', 20),
(313, '40737 Hane Plains', '(530) 464-8244', 'zechariah.wilderman@hotmail.com', 1),
(314, '92780 Nathen Keys', '949-874-8954', 'bgoodwin@hotmail.com', 4),
(315, '18402 Billy Plains', '1-990-719-3781 x1586', 'marianna40@gmail.com', 19),
(316, '99917 Christiansen Hollow', '230.953.5318 x172', 'ryley.oconnell@fritsch.com', 15),
(317, '359 Kshlerin Stravenue Suite 656', '1-453-818-1096 x613', 'jazlyn37@hotmail.com', 13),
(318, '20492 Aisha Park', '1-254-338-3414 x530', 'reinger.orion@yahoo.com', 6),
(319, '619 Ruby Extension Suite 668', '851-227-6002', 'hertha26@schneider.net', 3),
(320, '55365 Retha Camp', '(204) 765-0410 x79796', 'mtreutel@yahoo.com', 3),
(321, '13094 McClure Ways', '1-542-614-2289', 'jcrist@shields.com', 7),
(322, '2438 Ashlynn Causeway Suite 816', '369-804-0278', 'yosinski@gmail.com', 16),
(323, '5442 Boyer Row', '1-632-933-0147', 'amely86@kuhlman.com', 15),
(324, '468 Rempel Fields Suite 722', '(501) 576-8324', 'lang.darrion@lebsack.biz', 2),
(325, '626 Juanita Parks Apt. 747', '494.940.2067', 'marietta.dubuque@gmail.com', 6),
(326, '2636 Eliseo Via', '1-362-236-2127', 'jett.morar@greenfelder.com', 5),
(327, '77963 Lakin Harbor Apt. 018', '(975) 412-8588 x88649', 'noah96@gmail.com', 12),
(328, '914 Zulauf Flat', '+16712335452', 'jwilderman@johns.biz', 9),
(329, '92790 Erdman Skyway Apt. 026', '(330) 508-2380', 'pgutkowski@klocko.biz', 4),
(330, '102 King Alley Suite 552', '786-881-3084', 'haag.annie@hotmail.com', 17),
(331, '843 Francis Shoal Apt. 499', '+13524327771', 'ckemmer@stoltenberg.com', 20),
(332, '3357 Theodora Estate Apt. 847', '1-238-828-6008', 'lconn@hotmail.com', 3),
(333, '73191 White Avenue', '(524) 421-9834 x85751', 'bcollins@walsh.com', 8),
(334, '5525 Senger Loop', '293-938-6260', 'jerry19@veum.com', 3),
(335, '19587 Jaclyn Forge Suite 580', '937-722-7422', 'gina04@hotmail.com', 6),
(336, '1659 Jaida Rest Suite 187', '1-769-745-8358 x64970', 'braun.linda@cassin.net', 16),
(337, '8142 Johnson Mews Apt. 406', '996.497.8788', 'jon.bahringer@harris.com', 12),
(338, '373 Ebert Track Apt. 751', '+1 (718) 331-1464', 'nels.marks@yahoo.com', 13),
(339, '430 Alan Corners Apt. 977', '620.921.2324 x5619', 'kameron.denesik@hotmail.com', 4),
(340, '3785 Treutel Ways Suite 865', '(242) 919-4613', 'bauch.isabell@schaden.com', 7),
(341, '94743 Schiller Springs Suite 010', '798.756.3535', 'johann.rau@gmail.com', 5),
(342, '101 Kling Neck', '1-610-428-3823 x50052', 'aryanna.stracke@kerluke.com', 2),
(343, '5243 Araceli Green Suite 572', '+1-418-650-3049', 'antonio.torphy@goodwin.com', 2),
(344, '2363 Zetta Garden', '1-261-455-9279 x29864', 'jack65@gmail.com', 9),
(345, '6000 Jean Knoll Apt. 227', '232-355-7747 x696', 'bcrooks@gmail.com', 11),
(346, '985 Granville Plain Suite 210', '1-297-326-3427', 'taya.wyman@yahoo.com', 8),
(347, '5519 Lesch Trail Suite 049', '+1.242.923.0157', 'victoria11@gerhold.info', 20),
(348, '164 Diego Mountains', '1-532-329-8435', 'olind@rogahn.biz', 13),
(349, '245 DuBuque Row', '1-769-535-9674', 'jonatan58@heathcote.com', 9),
(350, '83091 Bernhard Stream', '412-703-8297 x8009', 'mertz.zion@runolfsson.com', 13),
(351, '21529 Koelpin Light', '(448) 457-3248 x9241', 'schroeder.joaquin@kling.biz', 19),
(352, '52800 Treva Junctions Apt. 013', '(816) 259-6080', 'destini.kutch@gmail.com', 4),
(353, '6173 Abbott Meadows', '1-520-346-4912 x8202', 'schowalter.ricardo@olson.com', 5),
(354, '30517 Frida Path', '(916) 763-8024 x9338', 'effertz.rosario@padberg.com', 7),
(355, '55191 Frida Ridge Suite 879', '845.468.8895 x3188', 'nhackett@hotmail.com', 5),
(356, '470 Nienow Coves', '963.282.2846 x88787', 'rey36@huels.com', 14),
(357, '89996 Mitchell Summit', '+1.976.685.1341', 'brown.ike@cummerata.com', 9),
(358, '82668 Aniyah Plains Apt. 629', '869.843.9312', 'vbrown@kertzmann.com', 9),
(359, '9019 Hahn Village', '856.643.0327 x429', 'nicolette45@yahoo.com', 2),
(360, '78758 Altenwerth Corners', '246-224-4429 x1520', 'orville.bauch@huels.com', 10),
(361, '8063 Johns Pike', '473.525.3746', 'nadia.lind@luettgen.com', 13),
(362, '77887 Schulist Mountains', '+1 (472) 446-9351', 'larue35@gmail.com', 1),
(363, '6277 Leuschke Rapid Apt. 494', '674.601.4397', 'evelyn.ward@ernser.biz', 12),
(364, '61338 Jaleel Mall Suite 069', '+1.820.822.9712', 'wyatt.lowe@barton.info', 5),
(365, '6750 Bashirian Falls Suite 050', '453-769-7245 x1192', 'kovacek.tessie@bernier.com', 10),
(366, '91055 Ike Underpass', '424-835-8423', 'laurine.langworth@gmail.com', 5),
(367, '64698 Padberg Walks Suite 741', '1-867-900-5932 x3122', 'ndare@borer.org', 10),
(368, '68587 McClure Village', '220.498.9529 x1493', 'deion.schultz@windler.com', 2),
(369, '97986 Damaris Flat', '652.425.0636 x907', 'leffler.yvette@hotmail.com', 15),
(370, '512 Gregory Garden', '661-533-1515', 'eusebio05@gmail.com', 5),
(371, '9326 Wilfred Park', '(696) 436-8430 x798', 'tlabadie@pacocha.com', 8),
(372, '137 Donavon Loop Apt. 724', '240-371-8611', 'lue78@feest.com', 9),
(373, '4326 Herman Branch Apt. 510', '1-232-450-8396', 'fiona.dach@hotmail.com', 15),
(374, '78115 Aracely Crest Apt. 107', '797-264-1566 x3862', 'xbrakus@yahoo.com', 19),
(375, '41421 Kilback Viaduct Apt. 309', '(452) 359-1390 x73783', 'zachery.oreilly@murray.com', 16),
(376, '10053 Lilyan Branch Apt. 294', '(886) 331-6954', 'koelpin.trudie@effertz.net', 18),
(377, '784 Champlin Divide Suite 831', '1-638-507-2769', 'green.phyllis@hotmail.com', 2),
(378, '535 Nathan Mountain Apt. 919', '(394) 438-9785 x5768', 'frederick.wilderman@yahoo.com', 8),
(379, '416 White Branch', '(260) 387-3573', 'lesly.morar@hotmail.com', 11),
(380, '7210 Cormier Landing Suite 218', '+1-249-845-7544', 'pat.kuhic@johnston.info', 5),
(381, '15042 Brionna Cliff Apt. 452', '(704) 249-6365', 'ujones@roberts.com', 4),
(382, '75153 West Expressway', '+1-271-755-0022', 'shyann67@yahoo.com', 8),
(383, '43179 Morar Island', '+1.850.842.3575', 'gbogan@johnston.com', 16),
(384, '1548 Cheyenne Freeway', '+1-584-764-2656', 'elsie.mclaughlin@romaguera.biz', 19),
(385, '36616 Bartell Summit', '719.797.5374 x573', 'beer.guillermo@weissnat.com', 1),
(386, '43855 Alice Course Apt. 195', '245.855.3382 x1868', 'wilhelmine28@hotmail.com', 8),
(387, '67313 Henderson Court Suite 564', '408-679-6859 x79289', 'torrance.deckow@mann.com', 4),
(388, '245 Goldner Lane Apt. 629', '1-748-517-6873 x1402', 'jacobs.jensen@yahoo.com', 15),
(389, '40051 Bianka Road', '660.694.4486 x2765', 'zarmstrong@abbott.com', 13),
(390, '545 Ayla Burgs', '(609) 374-5948 x48464', 'upton.lavonne@feeney.biz', 15),
(391, '7271 Wehner Mount', '1-286-420-9798 x5425', 'gthompson@bauch.com', 2),
(392, '1284 Kunde Crescent Apt. 206', '1-816-357-0982 x418', 'hhane@balistreri.com', 17),
(393, '131 Bahringer Greens Apt. 129', '723.965.3052 x80533', 'laverna.torphy@gmail.com', 16),
(394, '468 Celestino Viaduct', '(923) 662-1487', 'tyrell51@green.com', 9),
(395, '779 Maggio Junctions Suite 615', '247.969.0948 x6369', 'ddouglas@hotmail.com', 6),
(396, '82600 Hauck Bypass Suite 263', '1-958-768-1653', 'favian86@hotmail.com', 11),
(397, '74474 Wisoky Shoals', '(991) 447-3122', 'volkman.eino@gmail.com', 6),
(398, '394 Glover Plaza Suite 846', '+1-469-761-9069', 'geo94@bergnaum.com', 13),
(399, '8734 Schamberger Burg Suite 868', '575.547.5192', 'ronaldo72@gmail.com', 13),
(400, '978 Sydnie Gardens', '718-662-3516 x1188', 'ahmad.emmerich@hotmail.com', 5);

--
-- Truncate table before insert `customer`
--

TRUNCATE TABLE `customer`;
--
-- Dumping data for table `customer`
--

INSERT INTO `customer` (`id`, `role`, `discount`) VALUES
(1, 'person', '0'),
(2, 'person', '0'),
(3, 'person', '0'),
(4, 'person', '0'),
(5, 'person', '0'),
(6, 'person', '0'),
(7, 'person', '0'),
(8, 'person', '0'),
(9, 'person', '0'),
(10, 'person', '0'),
(11, 'person', '0'),
(12, 'person', '0'),
(13, 'person', '0'),
(14, 'person', '0'),
(15, 'person', '0'),
(16, 'person', '0'),
(17, 'person', '0'),
(18, 'person', '0'),
(19, 'person', '0'),
(20, 'person', '0'),
(21, 'person', '0'),
(22, 'person', '0'),
(23, 'person', '0'),
(24, 'person', '0'),
(25, 'person', '0'),
(26, 'person', '0'),
(27, 'person', '0'),
(28, 'person', '0'),
(29, 'person', '0'),
(30, 'person', '0'),
(31, 'person', '0'),
(32, 'person', '0'),
(33, 'person', '0'),
(34, 'person', '0'),
(35, 'person', '0'),
(36, 'person', '0'),
(37, 'person', '0'),
(38, 'person', '0'),
(39, 'person', '0'),
(40, 'person', '0'),
(41, 'person', '0'),
(42, 'person', '0'),
(43, 'person', '0'),
(44, 'person', '0'),
(45, 'person', '0'),
(46, 'person', '0'),
(47, 'person', '0'),
(48, 'person', '0'),
(49, 'person', '0'),
(50, 'person', '0'),
(51, 'person', '0'),
(52, 'person', '0'),
(53, 'person', '0'),
(54, 'person', '0'),
(55, 'person', '0'),
(56, 'person', '0'),
(57, 'person', '0'),
(58, 'person', '0'),
(59, 'person', '0'),
(60, 'person', '0'),
(61, 'person', '0'),
(62, 'person', '0'),
(63, 'person', '0'),
(64, 'person', '0'),
(65, 'person', '0'),
(66, 'person', '0'),
(67, 'person', '0'),
(68, 'person', '0'),
(69, 'person', '0'),
(70, 'person', '0'),
(71, 'person', '0'),
(72, 'person', '0'),
(73, 'person', '0'),
(74, 'person', '0'),
(75, 'company', '0'),
(76, 'company', '0'),
(77, 'company', '0'),
(78, 'company', '0'),
(79, 'company', '0'),
(80, 'company', '0'),
(81, 'company', '0'),
(82, 'company', '0'),
(83, 'company', '0'),
(84, 'company', '0'),
(85, 'company', '0'),
(86, 'company', '0'),
(87, 'company', '0'),
(88, 'company', '0'),
(89, 'company', '0'),
(90, 'company', '0'),
(91, 'company', '0'),
(92, 'company', '0'),
(93, 'company', '0'),
(94, 'company', '0'),
(95, 'company', '0'),
(96, 'company', '0'),
(97, 'company', '0'),
(98, 'company', '0'),
(99, 'company', '0'),
(100, 'company', '0'),
(101, 'company', '0'),
(102, 'company', '0'),
(103, 'company', '0'),
(104, 'company', '0'),
(105, 'company', '0'),
(106, 'company', '0'),
(107, 'company', '0'),
(108, 'company', '0'),
(109, 'company', '0'),
(110, 'company', '0'),
(111, 'company', '0'),
(112, 'company', '0'),
(113, 'company', '0'),
(114, 'company', '0'),
(115, 'company', '0'),
(116, 'company', '0'),
(117, 'company', '0'),
(118, 'company', '0'),
(119, 'company', '0'),
(120, 'company', '0'),
(121, 'company', '0'),
(122, 'company', '0'),
(123, 'company', '0'),
(124, 'company', '0'),
(125, 'company', '0'),
(126, 'company', '0'),
(127, 'company', '0'),
(128, 'company', '0'),
(129, 'company', '0'),
(130, 'company', '0'),
(131, 'company', '0'),
(132, 'company', '0'),
(133, 'company', '0'),
(134, 'company', '0'),
(135, 'company', '0'),
(136, 'company', '0'),
(137, 'company', '0'),
(138, 'company', '0'),
(139, 'company', '0'),
(140, 'company', '0'),
(141, 'company', '0'),
(142, 'company', '0'),
(143, 'company', '0'),
(144, 'company', '0'),
(145, 'company', '0'),
(146, 'company', '0'),
(147, 'company', '0'),
(148, 'company', '0'),
(149, 'company', '0'),
(150, 'company', '0'),
(151, 'company', '0'),
(152, 'company', '0'),
(153, 'company', '0'),
(154, 'company', '0'),
(155, 'company', '0'),
(156, 'company', '0'),
(157, 'company', '0'),
(158, 'company', '0'),
(159, 'company', '0'),
(160, 'company', '0'),
(161, 'company', '0'),
(162, 'company', '0'),
(163, 'company', '0'),
(164, 'company', '0'),
(165, 'company', '0'),
(166, 'company', '0'),
(167, 'company', '0'),
(168, 'company', '0'),
(169, 'company', '0'),
(170, 'company', '0'),
(171, 'company', '0'),
(172, 'company', '0'),
(173, 'company', '0'),
(174, 'company', '0'),
(175, 'company', '0'),
(176, 'company', '0'),
(177, 'company', '0'),
(178, 'company', '0'),
(179, 'company', '0'),
(180, 'company', '0'),
(181, 'company', '0'),
(182, 'company', '0'),
(183, 'company', '0'),
(184, 'company', '0'),
(185, 'company', '0'),
(186, 'company', '0'),
(187, 'company', '0'),
(188, 'company', '0'),
(189, 'company', '0'),
(190, 'company', '0'),
(191, 'company', '0'),
(192, 'company', '0'),
(193, 'company', '0'),
(194, 'company', '0'),
(195, 'company', '0'),
(196, 'company', '0'),
(197, 'company', '0'),
(198, 'company', '0'),
(199, 'company', '0'),
(200, 'company', '0'),
(201, 'company', '0'),
(202, 'company', '0'),
(203, 'company', '0'),
(204, 'company', '0'),
(205, 'company', '0'),
(206, 'company', '0'),
(207, 'company', '0'),
(208, 'company', '0'),
(209, 'company', '0'),
(210, 'company', '0'),
(211, 'company', '0'),
(212, 'company', '0'),
(213, 'company', '0'),
(214, 'company', '0'),
(215, 'company', '0'),
(216, 'company', '0'),
(217, 'company', '0'),
(218, 'company', '0'),
(219, 'company', '0'),
(220, 'company', '0'),
(221, 'company', '0'),
(222, 'company', '0'),
(223, 'company', '0'),
(224, 'company', '0'),
(225, 'company', '0'),
(226, 'company', '0'),
(227, 'company', '0'),
(228, 'company', '0'),
(229, 'company', '0'),
(230, 'company', '0'),
(231, 'company', '0'),
(232, 'company', '0');

--
-- Truncate table before insert `facility`
--

TRUNCATE TABLE `facility`;
--
-- Dumping data for table `facility`
--

INSERT INTO `facility` (`id`, `name`, `price_id`) VALUES
(1, 'extra_bed', 11),
(2, 'premium_cable', 12),
(3, 'wifi', 13),
(4, 'minifrige', 13);

--
-- Truncate table before insert `floor`
--

TRUNCATE TABLE `floor`;
--
-- Dumping data for table `floor`
--

INSERT INTO `floor` (`id`, `level`, `name`, `price_id`) VALUES
(1, 1, 'ground', 9),
(2, 2, 'first', 9),
(3, 3, 'second', 9),
(4, 4, 'third', 9),
(5, 4, 'roof', 10);

--
-- Truncate table before insert `party`
--

TRUNCATE TABLE `party`;
--
-- Dumping data for table `party`
--

INSERT INTO `party` (`id`, `name`, `customer_id`) VALUES
(1, 'family', 2),
(2, 'couple', 1),
(3, 'single', 200);

--
-- Truncate table before insert `party_composition`
--

TRUNCATE TABLE `party_composition`;
--
-- Dumping data for table `party_composition`
--

INSERT INTO `party_composition` (`id`, `person_id`, `party_id`) VALUES
(1, 1, 1),
(2, 2, 1),
(3, 3, 1),
(4, 4, 1),
(5, 5, 2),
(6, 6, 2),
(7, 7, 3);

--
-- Truncate table before insert `person`
--

TRUNCATE TABLE `person`;
--
-- Dumping data for table `person`
--

INSERT INTO `person` (`id`, `first_name`, `last_name`, `birth_day`, `contact_id`, `customer_id`) VALUES
(1, 'Alvera', 'Harber', '1972-08-22', 1, NULL),
(2, 'Serena', 'Bins', '1987-08-15', 2, NULL),
(3, 'Athena', 'Monahan', '1977-09-22', 3, 1),
(4, 'Leonel', 'Steuber', '2016-01-14', 4, NULL),
(5, 'Megane', 'Gibson', '1994-11-06', 5, 2),
(6, 'Garrison', 'Macejkovic', '1991-07-03', 6, NULL),
(7, 'Skylar', 'Turner', '2014-09-26', 7, NULL),
(8, 'Adriel', 'Hartmann', '1996-08-19', 8, NULL),
(9, 'Jayne', 'Corkery', '2007-02-28', 9, 3),
(10, 'Bianka', 'Hermiston', '1988-08-05', 10, NULL),
(11, 'Spencer', 'Friesen', '1999-09-30', 11, NULL),
(12, 'Waldo', 'Barrows', '1974-09-12', 12, 4),
(13, 'Jakayla', 'Stracke', '1994-09-12', 13, 5),
(14, 'Dessie', 'Ernser', '2007-09-19', 14, NULL),
(15, 'Tamara', 'Dietrich', '1990-02-20', 15, NULL),
(16, 'Modesto', 'Runolfsson', '2013-07-07', 16, 6),
(17, 'Devan', 'Gerhold', '1975-08-12', 17, NULL),
(18, 'Selena', 'Huels', '2016-05-30', 18, NULL),
(19, 'Josiah', 'Kutch', '2007-08-31', 19, NULL),
(20, 'Unique', 'Lemke', '1991-12-29', 20, 7),
(21, 'Margret', 'Moen', '2004-11-04', 21, 8),
(22, 'Violette', 'Prosacco', '2002-03-22', 22, NULL),
(23, 'Kaylin', 'Larson', '1993-01-06', 23, 9),
(24, 'Ricky', 'Buckridge', '1975-09-24', 24, NULL),
(25, 'Mustafa', 'Eichmann', '2000-06-10', 25, NULL),
(26, 'Elijah', 'Ullrich', '2007-05-19', 26, NULL),
(27, 'Tomasa', 'Jacobi', '1976-07-24', 27, NULL),
(28, 'Bobby', 'Marks', '2007-05-05', 28, NULL),
(29, 'Leonel', 'Howe', '1970-04-22', 29, NULL),
(30, 'Ali', 'Moen', '2011-11-15', 30, 10),
(31, 'Tanner', 'Nader', '1970-01-08', 31, NULL),
(32, 'Derrick', 'Rosenbaum', '1995-01-10', 32, NULL),
(33, 'Lucas', 'Emard', '1974-06-15', 33, 11),
(34, 'Angus', 'Lynch', '1999-04-17', 34, NULL),
(35, 'Landen', 'Kris', '1973-01-13', 35, 12),
(36, 'Brielle', 'Kuhn', '1980-03-17', 36, NULL),
(37, 'Aubree', 'Ortiz', '2013-11-03', 37, NULL),
(38, 'Kobe', 'Becker', '1987-02-03', 38, 13),
(39, 'Lloyd', 'Green', '2006-10-19', 39, NULL),
(40, 'Fatima', 'Kulas', '1998-06-06', 40, 14),
(41, 'Lucinda', 'Dach', '1996-12-08', 41, 15),
(42, 'Christine', 'Zemlak', '2001-01-21', 42, 16),
(43, 'Alexandro', 'Jenkins', '1981-01-04', 43, NULL),
(44, 'Stanton', 'Friesen', '2012-10-19', 44, NULL),
(45, 'Rickey', 'Glover', '1971-03-07', 45, NULL),
(46, 'Jennings', 'Sauer', '2006-02-08', 46, 17),
(47, 'Lydia', 'Gibson', '1982-01-02', 47, NULL),
(48, 'Irwin', 'Aufderhar', '2011-02-23', 48, NULL),
(49, 'Ova', 'Torp', '1995-10-01', 49, 18),
(50, 'Heidi', 'Murphy', '2002-01-07', 50, 19),
(51, 'Madalyn', 'Beatty', '1980-01-30', 51, NULL),
(52, 'Freda', 'Crona', '1971-10-07', 52, NULL),
(53, 'Felicita', 'Hilpert', '1984-03-23', 53, 20),
(54, 'Thad', 'Beer', '1981-09-12', 54, NULL),
(55, 'Leta', 'Smith', '2008-05-21', 55, NULL),
(56, 'Ayla', 'Berge', '2001-03-13', 56, 21),
(57, 'Clara', 'Marvin', '2013-02-02', 57, 22),
(58, 'Christine', 'Fahey', '1984-09-20', 58, 23),
(59, 'Mohamed', 'Schimmel', '1996-02-20', 59, NULL),
(60, 'Sarina', 'Kuhic', '1982-07-09', 60, NULL),
(61, 'Christa', 'Walter', '1986-10-06', 61, 24),
(62, 'Samson', 'Ryan', '2011-07-04', 62, NULL),
(63, 'Julie', 'Dickens', '1970-01-01', 63, 25),
(64, 'Maverick', 'Emmerich', '1991-03-26', 64, NULL),
(65, 'Vladimir', 'Stamm', '1998-04-28', 65, NULL),
(66, 'Constantin', 'Miller', '1994-04-17', 66, 26),
(67, 'Fausto', 'Kilback', '2003-05-12', 67, 27),
(68, 'Lawson', 'Mueller', '2014-05-20', 68, 28),
(69, 'Karlie', 'Spencer', '1993-10-18', 69, NULL),
(70, 'Raymond', 'Sawayn', '1976-06-03', 70, NULL),
(71, 'Loraine', 'Kovacek', '2003-11-03', 71, NULL),
(72, 'Yasmine', 'Grady', '2004-07-12', 72, NULL),
(73, 'Kiana', 'Reichert', '1997-11-08', 73, 29),
(74, 'Willis', 'Zboncak', '2000-11-08', 74, 30),
(75, 'Christina', 'Price', '1982-08-04', 75, NULL),
(76, 'Maximillian', 'Sipes', '2003-12-26', 76, NULL),
(77, 'Pauline', 'Hilll', '2016-11-24', 77, 31),
(78, 'Paul', 'Farrell', '1992-06-11', 78, 32),
(79, 'Antoinette', 'Heathcote', '2011-11-28', 79, NULL),
(80, 'Gregg', 'Ortiz', '1994-01-04', 80, NULL),
(81, 'Lucienne', 'Grady', '2014-06-11', 81, NULL),
(82, 'Ottilie', 'Tromp', '2002-04-07', 82, NULL),
(83, 'Ruben', 'Dibbert', '2016-05-31', 83, NULL),
(84, 'Theodore', 'Kuhlman', '1994-02-20', 84, 33),
(85, 'Drew', 'Dare', '1975-11-13', 85, 34),
(86, 'Marvin', 'Hackett', '2009-11-01', 86, NULL),
(87, 'Skyla', 'Greenfelder', '1986-06-06', 87, NULL),
(88, 'Daniella', 'Torphy', '2007-12-25', 88, NULL),
(89, 'Jaden', 'Torphy', '2013-05-10', 89, NULL),
(90, 'Megane', 'Wyman', '1971-01-11', 90, NULL),
(91, 'Marilie', 'Deckow', '1993-08-14', 91, NULL),
(92, 'Francisco', 'Davis', '1979-04-07', 92, 35),
(93, 'Vincent', 'Sipes', '1992-09-30', 93, NULL),
(94, 'Jaeden', 'Borer', '1972-08-04', 94, 36),
(95, 'Destany', 'Muller', '1983-12-23', 95, NULL),
(96, 'Vilma', 'Thompson', '1970-12-17', 96, NULL),
(97, 'Tyreek', 'Mraz', '2000-12-12', 97, NULL),
(98, 'Vada', 'Klein', '2014-11-07', 98, NULL),
(99, 'Zola', 'Leuschke', '1988-05-14', 99, NULL),
(100, 'Era', 'Olson', '1988-11-15', 100, 37),
(101, 'Lexie', 'Kihn', '1993-08-30', 101, 38),
(102, 'Reta', 'Bernier', '1998-08-28', 102, NULL),
(103, 'Annamae', 'Kilback', '1979-07-15', 103, NULL),
(104, 'Mathilde', 'Schmeler', '2003-10-22', 104, NULL),
(105, 'Lily', 'Boehm', '1993-01-26', 105, 39),
(106, 'Elyssa', 'Boyer', '1978-06-15', 106, NULL),
(107, 'Chandler', 'Lebsack', '1983-03-05', 107, 40),
(108, 'Mervin', 'Hauck', '1999-10-16', 108, 41),
(109, 'Donato', 'Frami', '2004-03-31', 109, NULL),
(110, 'Roma', 'Kautzer', '1998-09-18', 110, 42),
(111, 'Lorine', 'Lindgren', '2008-01-29', 111, NULL),
(112, 'Kirstin', 'Okuneva', '2014-02-16', 112, NULL),
(113, 'Philip', 'Lemke', '2006-01-06', 113, NULL),
(114, 'Christiana', 'Dickens', '2012-12-05', 114, NULL),
(115, 'Angie', 'Fisher', '1993-02-06', 115, NULL),
(116, 'Sedrick', 'Heller', '1970-05-13', 116, 43),
(117, 'Meredith', 'Welch', '1984-08-10', 117, 44),
(118, 'Charlotte', 'Mitchell', '2004-06-19', 118, NULL),
(119, 'Juliana', 'Kassulke', '1977-05-20', 119, 45),
(120, 'Luigi', 'Funk', '1991-11-22', 120, 46),
(121, 'Albina', 'Erdman', '1974-03-27', 121, NULL),
(122, 'Jude', 'Balistreri', '1970-03-03', 122, 47),
(123, 'Mollie', 'Hauck', '1977-09-02', 123, NULL),
(124, 'Rhett', 'Buckridge', '2012-07-16', 124, NULL),
(125, 'Bonnie', 'Bednar', '1996-08-11', 125, NULL),
(126, 'Everardo', 'Bahringer', '1999-04-09', 126, 48),
(127, 'Norma', 'Jacobs', '2006-07-12', 127, NULL),
(128, 'Darlene', 'Jacobson', '1995-12-30', 128, NULL),
(129, 'Nannie', 'Wintheiser', '1970-01-26', 129, NULL),
(130, 'Leone', 'Murazik', '1976-01-22', 130, NULL),
(131, 'Michale', 'Nikolaus', '1991-09-04', 131, 49),
(132, 'Albina', 'Hagenes', '2003-08-19', 132, 50),
(133, 'Missouri', 'Flatley', '2013-06-27', 133, NULL),
(134, 'Anne', 'Bailey', '2010-07-01', 134, 51),
(135, 'Joelle', 'Nikolaus', '1984-10-02', 135, NULL),
(136, 'Laury', 'Carroll', '1970-06-22', 136, NULL),
(137, 'Richie', 'Rath', '1991-05-23', 137, NULL),
(138, 'Hailee', 'Larson', '1995-02-26', 138, NULL),
(139, 'Georgianna', 'Lynch', '1978-04-22', 139, NULL),
(140, 'Lindsey', 'Braun', '2007-04-18', 140, 52),
(141, 'Terence', 'Pfannerstill', '1983-11-21', 141, NULL),
(142, 'Marvin', 'Williamson', '1990-05-23', 142, NULL),
(143, 'Priscilla', 'Powlowski', '2016-09-12', 143, NULL),
(144, 'Laurine', 'Gorczany', '1972-08-14', 144, NULL),
(145, 'Fannie', 'Parisian', '1991-03-06', 145, 53),
(146, 'Scot', 'O\'Keefe', '1994-11-08', 146, NULL),
(147, 'Onie', 'Spencer', '2007-04-22', 147, NULL),
(148, 'Faustino', 'Torphy', '1975-09-20', 148, NULL),
(149, 'Sister', 'Rau', '2006-12-13', 149, NULL),
(150, 'Rylan', 'Fahey', '1985-11-07', 150, 54),
(151, 'Erling', 'Carter', '1976-05-17', 151, NULL),
(152, 'Ervin', 'Fay', '1994-08-05', 152, 55),
(153, 'Kip', 'Turcotte', '1992-04-15', 153, NULL),
(154, 'Zander', 'Hermiston', '2002-10-16', 154, NULL),
(155, 'Chad', 'Bergstrom', '1975-09-06', 155, NULL),
(156, 'Berta', 'Pagac', '2009-01-03', 156, 56),
(157, 'Kamren', 'Gislason', '1990-07-03', 157, NULL),
(158, 'Marquise', 'Collier', '1987-12-08', 158, 57),
(159, 'Glen', 'Barrows', '2009-08-25', 159, NULL),
(160, 'Alda', 'Turner', '1991-01-21', 160, NULL),
(161, 'Jayce', 'Huels', '1992-06-05', 161, NULL),
(162, 'Brayan', 'Reichert', '2014-01-30', 162, 58),
(163, 'Blaise', 'Hand', '1970-09-10', 163, 59),
(164, 'Antonio', 'Hauck', '1990-04-27', 164, 60),
(165, 'Mylene', 'Lemke', '1974-03-07', 165, 61),
(166, 'Olin', 'Jacobs', '2014-03-21', 166, 62),
(167, 'Ambrose', 'Batz', '1994-12-27', 167, 63),
(168, 'Jewel', 'Senger', '2016-12-06', 168, 64),
(169, 'Gia', 'Barrows', '1978-02-20', 169, 65),
(170, 'Dannie', 'Hoeger', '1983-03-17', 170, NULL),
(171, 'Dedrick', 'Koch', '1979-08-23', 171, NULL),
(172, 'Rey', 'Nicolas', '1997-05-20', 172, NULL),
(173, 'Cordie', 'Herman', '1988-03-02', 173, 66),
(174, 'Clotilde', 'Treutel', '2000-12-03', 174, 67),
(175, 'Kade', 'Macejkovic', '1978-07-17', 175, NULL),
(176, 'Hugh', 'Lang', '2013-12-24', 176, 68),
(177, 'Enos', 'Larson', '1990-08-15', 177, NULL),
(178, 'Sophia', 'Skiles', '2014-01-03', 178, NULL),
(179, 'Gage', 'Miller', '1979-07-08', 179, NULL),
(180, 'Reyna', 'Bechtelar', '1973-06-09', 180, 69),
(181, 'Dolly', 'Donnelly', '2006-05-19', 181, NULL),
(182, 'Liliana', 'Stiedemann', '2010-01-28', 182, NULL),
(183, 'Meggie', 'Stoltenberg', '1995-04-05', 183, NULL),
(184, 'Elias', 'Marvin', '2002-09-19', 184, NULL),
(185, 'Electa', 'Kuvalis', '2004-02-04', 185, 70),
(186, 'Gustave', 'Reinger', '1998-01-30', 186, 71),
(187, 'Solon', 'Kohler', '1974-06-12', 187, 72),
(188, 'Vesta', 'Gutkowski', '2001-09-12', 188, 73),
(189, 'Elias', 'Kerluke', '1985-09-12', 189, NULL),
(190, 'Annabelle', 'Ortiz', '1984-03-03', 190, NULL),
(191, 'Alva', 'Robel', '1995-01-11', 191, 74),
(192, 'Genevieve', 'Goodwin', '1994-06-29', 192, NULL),
(193, 'Darryl', 'Borer', '1982-04-17', 193, NULL),
(194, 'Leif', 'Ruecker', '1995-06-07', 194, NULL),
(195, 'Eve', 'Morar', '2017-01-18', 195, NULL),
(196, 'Lourdes', 'Emmerich', '2000-11-06', 196, NULL),
(197, 'Karlee', 'Aufderhar', '1985-12-14', 197, NULL),
(198, 'Helene', 'Dare', '2003-06-19', 198, NULL),
(199, 'Grant', 'Bernhard', '1987-10-09', 199, NULL),
(200, 'Marian', 'Tromp', '1977-02-16', 200, NULL);

--
-- Truncate table before insert `price`
--

TRUNCATE TABLE `price`;
--
-- Dumping data for table `price`
--

INSERT INTO `price` (`id`, `name`, `booking`, `daily`) VALUES
(1, 'basic_booking', '100', '100'),
(2, 'premium_booking', '100', '100'),
(3, 'basic_room', '100', '200'),
(4, 'premium_room', '100', '200'),
(5, 'basic_area', '10', '20'),
(6, 'premium_area', '10', '20'),
(7, 'basic_person', '20', '20'),
(8, 'premium_person', '20', '20'),
(9, 'regular_floor', '0', '0'),
(10, 'top_floor', '30', '10'),
(11, 'five', '5', '5'),
(12, 'two', '2', '2'),
(13, 'one', '1', '1'),
(14, 'small_fine', '10', '0'),
(15, 'buffet', '10', '5'),
(16, 'beer', '3', '3');

--
-- Truncate table before insert `price_band`
--

TRUNCATE TABLE `price_band`;
--
-- Dumping data for table `price_band`
--

INSERT INTO `price_band` (`id`, `name`, `booking_price_id`, `person_price_id`, `area_price_id`) VALUES
(1, 'basic', 1, 7, 5),
(2, 'premium', 2, 8, 6);

--
-- Truncate table before insert `region`
--

TRUNCATE TABLE `region`;
--
-- Dumping data for table `region`
--

INSERT INTO `region` (`id`, `city`, `state`, `zip`, `country`) VALUES
(1, 'Laishabury', 'Brunei Darussalam', '41412', 'Albania'),
(2, 'Claudefurt', 'Cook Islands', '83696', 'French Guiana'),
(3, 'West Ronnyview', 'Mayotte', '23361', 'United States Virgin Islands'),
(4, 'East Deeview', 'Mongolia', '25978-2130', 'Bulgaria'),
(5, 'Baileyberg', 'Monaco', '98150-5517', 'Falkland Islands (Malvinas)'),
(6, 'West Domingostad', 'Israel', '16728-5345', 'Hong Kong'),
(7, 'South Oswaldo', 'United Kingdom', '99592', 'Slovakia (Slovak Republic)'),
(8, 'Port Yasmin', 'Isle of Man', '59556-2419', 'Qatar'),
(9, 'Terrystad', 'Angola', '55928-2480', 'Montenegro'),
(10, 'Zanderstad', 'Russian Federation', '88020-6001', 'Cook Islands'),
(11, 'Yasmeenview', 'French Southern Territories', '99791-5000', 'Kenya'),
(12, 'South Nicholeland', 'Austria', '38560-2214', 'Kiribati'),
(13, 'East Jonas', 'Nigeria', '27774', 'Anguilla'),
(14, 'East Newellfort', 'Turkey', '43790-7677', 'Portugal'),
(15, 'Gibsonhaven', 'Fiji', '72874-9397', 'United States Virgin Islands'),
(16, 'Lionelshire', 'Sweden', '30565', 'Uruguay'),
(17, 'Dessieside', 'Antigua and Barbuda', '79391', 'Qatar'),
(18, 'Cristinafort', 'Comoros', '02565', 'Guinea'),
(19, 'Hartmanntown', 'Burkina Faso', '96589', 'Ethiopia'),
(20, 'Stokeston', 'Western Sahara', '21170', 'Macedonia');

--
-- Truncate table before insert `restaurant_item`
--

TRUNCATE TABLE `restaurant_item`;
--
-- Dumping data for table `restaurant_item`
--

INSERT INTO `restaurant_item` (`id`, `name`, `type`, `price_id`) VALUES
(1, 'buffet', 'food', 15),
(2, 'beer', 'alcohol', 16);

--
-- Truncate table before insert `restaurant_order`
--

TRUNCATE TABLE `restaurant_order`;
--
-- Dumping data for table `restaurant_order`
--

INSERT INTO `restaurant_order` (`id`, `type`, `time`, `booking_period_id`, `customer_id`) VALUES
(1, NULL, '2017-05-15 17:40:00', 1, 1),
(2, NULL, '2017-05-15 17:40:14', 2, 2),
(3, NULL, '2017-05-15 17:40:25', 3, 200);

--
-- Truncate table before insert `restaurant_order_composition`
--

TRUNCATE TABLE `restaurant_order_composition`;
--
-- Dumping data for table `restaurant_order_composition`
--

INSERT INTO `restaurant_order_composition` (`id`, `restaurant_order_id`, `restaurant_item_id`) VALUES
(1, 1, 1),
(2, 2, 2),
(3, 3, 2),
(4, 3, 1);

--
-- Truncate table before insert `room`
--

TRUNCATE TABLE `room`;
--
-- Dumping data for table `room`
--

INSERT INTO `room` (`id`, `area`, `floor_id`, `price_band_id`) VALUES
(1, '14', 1, 1),
(2, '21', 1, 1),
(3, '20', 1, 1),
(4, '13', 1, 1),
(5, '20', 1, 1),
(6, '14', 1, 1),
(7, '7', 1, 1),
(8, '8', 1, 1),
(9, '15', 2, 1),
(10, '24', 2, 1),
(11, '10', 2, 1),
(12, '14', 2, 1),
(13, '15', 3, 1),
(14, '10', 3, 1),
(15, '17', 3, 1),
(16, '9', 3, 1),
(17, '11', 4, 1),
(18, '22', 4, 1),
(19, '13', 4, 1),
(20, '14', 4, 1),
(21, '25', 4, 1),
(22, '17', 5, 1),
(23, '8', 5, 1),
(24, '23', 5, 1),
(25, '6', 5, 1),
(26, '18', 5, 1);

--
-- Truncate table before insert `room_configuration`
--

TRUNCATE TABLE `room_configuration`;
--
-- Dumping data for table `room_configuration`
--

INSERT INTO `room_configuration` (`id`, `quantiy`, `start_time`, `end_time`, `facility_id`, `room_id`) VALUES
(1, 1, '2017-05-15 17:13:54', NULL, 1, 1),
(2, 1, '2017-05-15 17:16:18', NULL, 3, 15),
(3, 1, '2017-05-15 17:16:42', NULL, 1, 18),
(4, 1, '2017-05-15 17:16:42', NULL, 3, 5),
(5, 1, '2017-05-15 17:16:42', NULL, 2, 12),
(6, 1, '2017-05-15 17:16:42', NULL, 1, 25),
(7, 1, '2017-05-15 17:16:42', NULL, 3, 15),
(8, 1, '2017-05-15 17:16:42', NULL, 3, 7),
(9, 1, '2017-05-15 17:16:42', NULL, 3, 22),
(10, 1, '2017-05-15 17:16:42', NULL, 2, 6),
(11, 1, '2017-05-15 17:16:42', NULL, 2, 5),
(12, 1, '2017-05-15 17:16:42', NULL, 3, 9),
(13, 1, '2017-05-15 17:16:42', NULL, 2, 1),
(14, 1, '2017-05-15 17:16:42', NULL, 3, 13),
(15, 1, '2017-05-15 17:16:42', NULL, 3, 3),
(16, 1, '2017-05-15 17:16:42', NULL, 1, 8),
(17, 1, '2017-05-15 17:16:42', NULL, 2, 1),
(18, 1, '2017-05-15 17:16:42', NULL, 2, 22),
(19, 1, '2017-05-15 17:16:42', NULL, 1, 9),
(20, 1, '2017-05-15 17:16:42', NULL, 1, 13),
(21, 1, '2017-05-15 17:16:42', NULL, 1, 14),
(22, 1, '2017-05-15 17:16:42', NULL, 1, 13),
(23, 1, '2017-05-15 17:16:42', NULL, 2, 25),
(24, 1, '2017-05-15 17:16:42', NULL, 2, 3),
(25, 1, '2017-05-15 17:16:42', NULL, 1, 25),
(26, 1, '2017-05-15 17:16:42', NULL, 1, 20),
(27, 1, '2017-05-15 17:16:42', NULL, 2, 1),
(28, 1, '2017-05-15 17:16:42', NULL, 2, 25),
(29, 1, '2017-05-15 17:16:42', NULL, 1, 22),
(30, 1, '2017-05-15 17:16:42', NULL, 3, 9),
(31, 1, '2017-05-15 17:16:42', NULL, 2, 23),
(32, 1, '2017-05-15 17:16:42', NULL, 2, 3),
(33, 1, '2017-05-15 17:16:42', NULL, 2, 18),
(34, 1, '2017-05-15 17:16:42', NULL, 1, 4),
(35, 1, '2017-05-15 17:16:42', NULL, 1, 16),
(36, 1, '2017-05-15 17:16:42', NULL, 1, 18),
(37, 1, '2017-05-15 17:16:42', NULL, 1, 13),
(38, 1, '2017-05-15 17:16:42', NULL, 1, 23),
(39, 1, '2017-05-15 17:16:42', NULL, 2, 25),
(40, 1, '2017-05-15 17:16:42', NULL, 3, 11),
(41, 1, '2017-05-15 17:16:42', NULL, 2, 2),
(42, 1, '2017-05-15 17:16:42', NULL, 3, 11),
(43, 1, '2017-05-15 17:16:42', NULL, 1, 7),
(44, 1, '2017-05-15 17:16:42', NULL, 2, 3),
(45, 1, '2017-05-15 17:16:42', NULL, 1, 8),
(46, 1, '2017-05-15 17:16:42', NULL, 2, 25),
(47, 1, '2017-05-15 17:16:42', NULL, 1, 7),
(48, 1, '2017-05-15 17:16:42', NULL, 2, 8),
(49, 1, '2017-05-15 17:16:42', NULL, 2, 6),
(50, 1, '2017-05-15 17:16:42', NULL, 1, 13),
(51, 1, '2017-05-15 17:16:42', NULL, 3, 14),
(52, 1, '2017-05-15 17:16:42', NULL, 1, 17),
(53, 1, '2017-05-15 17:16:42', NULL, 2, 11),
(54, 1, '2017-05-15 17:16:42', NULL, 3, 5),
(55, 1, '2017-05-15 17:16:42', NULL, 3, 11),
(56, 1, '2017-05-15 17:16:42', NULL, 3, 14),
(57, 1, '2017-05-15 17:16:42', NULL, 2, 12),
(58, 1, '2017-05-15 17:16:42', NULL, 1, 5),
(59, 1, '2017-05-15 17:16:42', NULL, 2, 12),
(60, 1, '2017-05-15 17:16:42', NULL, 2, 25),
(61, 1, '2017-05-15 17:16:42', NULL, 2, 18),
(62, 1, '2017-05-15 17:16:42', NULL, 3, 10),
(63, 1, '2017-05-15 17:16:42', NULL, 1, 21),
(64, 1, '2017-05-15 17:16:42', NULL, 2, 23),
(65, 1, '2017-05-15 17:16:42', NULL, 1, 23),
(66, 1, '2017-05-15 17:16:42', NULL, 1, 23),
(67, 1, '2017-05-15 17:16:42', NULL, 1, 11),
(68, 1, '2017-05-15 17:16:43', NULL, 1, 10),
(69, 1, '2017-05-15 17:16:43', NULL, 3, 12),
(70, 1, '2017-05-15 17:16:43', NULL, 2, 4),
(71, 1, '2017-05-15 17:16:43', NULL, 1, 12),
(72, 1, '2017-05-15 17:16:43', NULL, 3, 20),
(73, 1, '2017-05-15 17:16:43', NULL, 2, 18),
(74, 1, '2017-05-15 17:16:43', NULL, 1, 7),
(75, 1, '2017-05-15 17:16:43', NULL, 2, 9),
(76, 1, '2017-05-15 17:16:43', NULL, 2, 8),
(77, 1, '2017-05-15 17:16:43', NULL, 1, 11),
(78, 1, '2017-05-15 17:16:43', NULL, 3, 4);

--
-- Truncate table before insert `service`
--

TRUNCATE TABLE `service`;
--
-- Dumping data for table `service`
--

INSERT INTO `service` (`id`, `name`, `price_id`) VALUES
(1, 'spa', 11),
(2, 'extra_cleaning', 14);

--
-- Truncate table before insert `service_bill`
--

TRUNCATE TABLE `service_bill`;
--
-- Dumping data for table `service_bill`
--

INSERT INTO `service_bill` (`id`, `service_id`, `booking_id`) VALUES
(1, 1, 1),
(2, 2, 3);

/*!40101 SET CHARACTER_SET_CLIENT=@OLD_CHARACTER_SET_CLIENT */;
/*!40101 SET CHARACTER_SET_RESULTS=@OLD_CHARACTER_SET_RESULTS */;
/*!40101 SET COLLATION_CONNECTION=@OLD_COLLATION_CONNECTION */;
